First,Last,Gender
Channing,Abernathy,F
Junious,Waelchi,F
Keanna,Schimmel,F
Judd,Wisozk,M
Darryl,Davis,F
Chrystal,Collins,F
Caden,Lind,M
Corine,Dare,M
Etha,Zboncak,F
Giselle,Lebsack,F
Abdul,Hilll,M
Jere,Williamson,F
Vergie,Willms,F
Vernal,Jacobs,M
Loy,Parker,M
Julia,Homenick,F
Isa,Reichert,M
Gene,Volkman,F
Leander,Padberg,F
Magnolia,Schmeler,F
Darron,Ferry,M
Hermine,Friesen,M
Deetta,O'Connell,M
Jamey,Stark,M
Sylva,Murazik,F
Karsyn,Bailey,F
Nell,Grimes,F
Bettina,Russel,F
Margarite,McDermott,F
Salena,Witting,M
Durward,Harber,M
Nanette,Muller,F
Juliet,Mante,M
Lucretia,Crist,M
Winfred,Farrell,
Kristyn,Jones,M
Richmond,Marvin,F
Elizbeth,Hahn,O
Eugenia,Gerhold,M
Crissie,Koss,M
Eppie,Nader,F
Rosalee,Bode,F
Furman,Schinner,F
Harry,Hegmann,F
Teressa,Hartmann,F
Christina,Reilly,F
Theodore,Haag,M
Philomena,Cassin,M
Earley,Borer,F
Buell,Roberts,
Carol,Bode,F
Yvonne,Padberg,F
Williard,Nicolas,M
Fredericka,Wintheiser,F
Chandra,O'Hara,F
Jonah,Schuster,F
Claudie,Simonis,M
Shelia,Hilpert,M
Dimitrios,Davis,F
Jeremie,Bins,M
Dottie,Kessler,F
Theola,Walker,M
Denis,Sauer,F
Annis,Streich,F
Charlene,Daugherty,F
Maia,Schmidt,M
Clarence,Walsh,M
Haywood,Pfeffer,O
Orvel,Weissnat,M
Laurine,Simonis,F
Jim,Gusikowski,M
Clementina,Stracke,M
Lilburn,McLaughlin,M
Aaron,Vandervort,M
Clearence,Swift,F
Brigid,Abbott,F
Alphonse,Zboncak,F
Constantine,Olson,M
Shanelle,Wolf,F
Mortimer,Dickinson,M
Ignatius,Hudson,F
Mylie,Keebler,M
Lawanda,Mayert,F
Katherine,Kozey,F
Louanna,Langosh,F
Jayla,Miller,F
Nova,Daugherty,F
Lyric,Walter,M
Savanna,Hane,
Mark,Zboncak,F
Rosemary,Jones,F
Nita,Waelchi,M
Jadyn,Satterfield,F
Red,Beier,F
Kolby,Trantow,F
Jettie,Jast,F
Caryn,Tremblay,F
Luann,Kub,M
Kaelyn,Rogahn,F
Rock,Wehner,F
